variety,n_samples,mean_motif_weight,mean_context_weight,std_context_weight
IR64_Cleaned,17618,0.55598086,0.44401917,0.028906874
N22_Cleaned3,12597,0.5389249,0.4610751,0.021812662
Dhaggadeshi,3176,0.58224624,0.4177538,0.01679794
Nipponbare,2622,0.556706,0.44329396,0.022281999
Moroberekan,1879,0.5413106,0.4586894,0.020251324
IR20,1769,0.5857568,0.4142432,0.01749086
IRAT109,956,0.58272403,0.41727597,0.01637973
Bala,923,0.56141007,0.4385899,0.019643025
ZS97,910,0.58363956,0.41636044,0.016090333
Tampha,719,0.5915498,0.4084502,0.016321935
Pokkali,624,0.57923377,0.42076623,0.017725417
Azucena,581,0.5746085,0.42539153,0.018393876
Chandan,128,0.5260274,0.47397262,0.020058587
