top_k,n_varieties,variety_names,train_samples,dev_samples,test_samples,total_samples,best_model,test_auc,test_f1,test_mcc,test_balanced_accuracy,test_precision,test_recall,test_specificity,test_pr_auc,HybridMLP_auc,HybridMLP_f1,HybridLSTM_auc,HybridLSTM_f1,HybridTransformer_auc,HybridTransformer_f1,HybridCNNAttention_auc,HybridCNNAttention_f1,HybridGatedFusion_auc,HybridGatedFusion_f1,CrossAttentionFusion_auc,CrossAttentionFusion_f1,HybridMultiScaleCNN_auc,HybridMultiScaleCNN_f1
1,1,IR64_Cleaned,14507,1813,1814,18134,HybridMLP,0.6852776231493418,0.5906674542232723,0.2544412750495437,0.6249548322200086,0.687757909215956,0.5175983436853002,0.7323113207547169,0.7324074594845221,0.6852776231493418,0.5906674542232723,0.6764064270088674,0.5886524822695035,0.6730279991405914,0.5454545454545454,0.6407434128286262,0.5597014925373134,0.681323611273878,0.5928529584065613,0.6774935056056876,0.5832305795314426,0.6518858158521816,0.5322896281800391
2,2,"IR64_Cleaned, N22_Cleaned3",24588,3073,3074,30735,HybridMLP,0.7105382174225326,0.5962236746550472,0.31553638503070475,0.6514436366813939,0.7539026629935721,0.49309309309309307,0.8097941802696949,0.7673373407029116,0.7105382174225326,0.5962236746550472,0.6911968746603239,0.6149193548387096,0.6996884038047984,0.6283806343906511,0.6711709580410787,0.6024096385542169,0.703964219720075,0.6327794069729553,0.6927953503539026,0.6289637136319058,0.6989187910408635,0.5743589743589743
3,3,"Dhaggadeshi, IR64_Cleaned, N22_Cleaned3",27128,3391,3392,33911,HybridMLP,0.7315835071664087,0.6333754740834386,0.3462801351433621,0.669419958280062,0.7613981762917933,0.5422077922077922,0.7966321243523317,0.7870669731406209,0.7315835071664087,0.6333754740834386,0.708590227777404,0.64049955396967,0.7195648425408788,0.6248047485160887,0.7030005831819304,0.6155256723716381,0.7110372086894108,0.6369313113291704,0.716510497274746,0.6437742609734249,0.7032094632483233,0.6108125197597217
4,4,"Dhaggadeshi, IR64_Cleaned, N22_Cleaned3, Nipponbare",29226,3653,3654,36533,HybridLSTM,0.7459020087794868,0.7105584003901487,0.3412445950795255,0.6695925572796175,0.6954653937947494,0.726321036889332,0.6128640776699029,0.777663043656465,0.726108083516441,0.6420518602029313,0.7459020087794868,0.7105584003901487,0.7155422385755356,0.6526655896607432,0.7274077343213079,0.6968369829683698,0.7392729275764938,0.7056764191047762,0.7019091390875916,0.5904649096831507,0.7151423460201919,0.6349831271091113
5,5,"Dhaggadeshi, IR64_Cleaned, Moroberekan, N22_Cleaned3, Nipponbare",30729,3841,3842,38412,HybridLSTM,0.7525397878508493,0.716276872194661,0.36897512554614037,0.6836298998373935,0.7018518518518518,0.7313072841292813,0.6359525155455059,0.7793399437370503,0.7366780952006974,0.6656151419558359,0.7525397878508493,0.716276872194661,0.7172512235021489,0.6396938217605249,0.7339080868808556,0.6773488710852149,0.7499451206758841,0.7025285076846802,0.7117476112836799,0.6509482316760635,0.7282881713991052,0.6628272251308901
6,6,"Dhaggadeshi, IR20, IR64_Cleaned, Moroberekan, N22_Cleaned3, Nipponbare",32144,4018,4019,40181,HybridLSTM,0.776887623290009,0.7193473193473193,0.39824882638580406,0.699393110458381,0.7261176470588235,0.71270207852194,0.686084142394822,0.8025472968649752,0.7395963038533501,0.6459205020920502,0.776887623290009,0.7193473193473193,0.6936752443378152,0.6506881822496441,0.774294142120775,0.7200179331988343,0.7714765652443627,0.7165021156558533,0.7014462207672818,0.6286866649861356,0.7656291496321543,0.6701352757544224
7,7,"Dhaggadeshi, IR20, IR64_Cleaned, IRAT109, Moroberekan, N22_Cleaned3, Nipponbare",32909,4114,4114,41137,HybridGatedFusion,0.7719859027948528,0.7082087836284203,0.38136785394386813,0.6910083397773288,0.7182835820895522,0.6984126984126984,0.6836039811419592,0.7944906667180559,0.7342410755117481,0.6627822286962856,0.7628792603124716,0.7040328092959672,0.7023446640748144,0.6445884329253659,0.7592465098489194,0.709420610349403,0.7719859027948528,0.7082087836284203,0.7017597749768669,0.6358522866226461,0.7482001356505585,0.6533435818601077
8,8,"Bala, Dhaggadeshi, IR20, IR64_Cleaned, IRAT109, Moroberekan, N22_Cleaned3, Nipponbare",33648,4206,4206,42060,HybridGatedFusion,0.7806868135863765,0.723260526908354,0.41408553609904963,0.7073907692195814,0.7336683417085427,0.7131438721136767,0.7016376663254862,0.8042404620386366,0.7353626072855062,0.615506329113924,0.7720375019770895,0.7121688370004491,0.7112055291236631,0.6402543409146491,0.7625628123573995,0.7130132522268086,0.7806868135863765,0.723260526908354,0.7005148158988894,0.6407344769267939,0.7542030193563869,0.6605276256844201
9,9,"Bala, Dhaggadeshi, IR20, IR64_Cleaned, IRAT109, Moroberekan, N22_Cleaned3, Nipponbare, ZS97",34376,4297,4297,42970,HybridLSTM,0.76768155591685,0.715660542432196,0.3924628565138689,0.6963371051606346,0.7184892402283707,0.7128540305010893,0.6798201798201798,0.7871399465067286,0.731824711236476,0.6405260594252313,0.76768155591685,0.715660542432196,0.6812176929823988,0.583699870633894,0.7590047207694267,0.7102199223803364,0.7607759343053461,0.7062248096730855,0.6892645480880775,0.6195028680688337,0.7396053837230309,0.6567745074191195
10,10,"Bala, Dhaggadeshi, IR20, IR64_Cleaned, IRAT109, Moroberekan, N22_Cleaned3, Nipponbare, Tampha, ZS97",34951,4369,4369,43689,HybridGatedFusion,0.7758650349841536,0.7133729896452963,0.4041479311786024,0.7024024134544407,0.7279676258992805,0.6993520518358531,0.7054527750730283,0.7956026697397194,0.726098893588026,0.6372945939509407,0.7736500028391108,0.7054367201426025,0.6968058952557408,0.6110047846889952,0.7629211084729579,0.7044917257683215,0.7758650349841536,0.7133729896452963,0.6986460596297379,0.6363844918559303,0.7451298735439041,0.6604303086997194
11,11,"Bala, Dhaggadeshi, IR20, IR64_Cleaned, IRAT109, Moroberekan, N22_Cleaned3, Nipponbare, Pokkali, Tampha, ZS97",35452,4431,4432,44315,HybridCNNAttention,0.7767086150687006,0.7053344623200677,0.36910257826209675,0.6845512891310483,0.7053344623200677,0.7053344623200677,0.663768115942029,0.8062110428597218,0.7467970114575793,0.6643614568925772,0.7752568853873938,0.7140418267178831,0.6915283044337273,0.6092526690391459,0.7767086150687006,0.7053344623200677,0.773685609918721,0.7215969420259079,0.6919863417148328,0.6005284650492433,0.7204086850167917,0.5655650319829424
12,12,"Azucena, Bala, Dhaggadeshi, IR20, IR64_Cleaned, IRAT109, Moroberekan, N22_Cleaned3, Nipponbare, Pokkali, Tampha, ZS97",35916,4490,4490,44896,HybridLSTM,0.7825153417015341,0.7221760797342193,0.4009412433109687,0.7002361028093245,0.7168178070898599,0.7276150627615062,0.6728571428571428,0.811015799834593,0.7471046025104603,0.6510976179355441,0.7825153417015341,0.7221760797342193,0.6983927077106995,0.6010088878212827,0.7682204622434748,0.6855107945693301,0.7816426578999802,0.7181095775826014,0.6856480374576609,0.6201868307131465,0.7626694560669456,0.6598331346841478
13,13,"Azucena, Bala, Chandan, Dhaggadeshi, IR20, IR64_Cleaned, IRAT109, Moroberekan, N22_Cleaned3, Nipponbare, Pokkali, Tampha, ZS97",36019,4502,4503,45024,HybridLSTM,0.7749662723687001,0.7132043734230445,0.3923736097668054,0.6963833677708462,0.719253604749788,0.707256046705588,0.6855106888361046,0.7987402389123872,0.7438853438831647,0.6433166547533953,0.7749662723687001,0.7132043734230445,0.7001006381010304,0.6167650531286895,0.7631766575075429,0.6813285457809695,0.7691166827463107,0.7079311791859001,0.6940851342864898,0.6440677966101694,0.7233997452350434,0.6467478740519421
